{
    "message": "Success",
    "page": 2,
    "limit": 10,
    "total_pages": 4,
    "payload": [
        {
            "admitterId": null,
            "admitterNote": "",
            "confirmedAt": "2021-02-17T13:52:26.000+01:00",
            "createdAt": "2021-02-17T13:19:37.000+01:00",
            "crewId": 352,
            "endDate": "2021-02-27",
            "id": 3269,
            "memberNote": "",
            "rejectedAt": null,
            "startDate": "2021-02-27",
            "type": "vacation",
            "userId": 2796
        },
        {
            "admitterId": null,
            "admitterNote": "",
            "confirmedAt": "2021-02-24T13:30:38.000+01:00",
            "createdAt": "2021-02-24T13:24:54.000+01:00",
            "crewId": 352,
            "endDate": "2021-02-27",
            "id": 3383,
            "memberNote": "",
            "rejectedAt": null,
            "startDate": "2021-02-27",
            "type": "vacation",
            "userId": 5293
        },
        {
            "admitterId": null,
            "admitterNote": "",
            "confirmedAt": "2021-03-01T10:26:10.000+01:00",
            "createdAt": "2021-03-01T09:56:26.000+01:00",
            "crewId": 352,
            "endDate": "2021-03-31",
            "id": 3452,
            "memberNote": "Den alten Urlaubsantrag vom 29.03.2017 - 31.03.2017 bitte löschen.\nDanke :)",
            "rejectedAt": null,
            "startDate": "2021-03-30",
            "type": "vacation",
            "userId": 2796
        },
        {
            "admitterId": null,
            "admitterNote": "Viel Spaß",
            "confirmedAt": "2021-03-09T17:06:46.000+01:00",
            "createdAt": "2021-03-09T15:01:46.000+01:00",
            "crewId": 352,
            "endDate": "2021-03-13",
            "id": 3597,
            "memberNote": "",
            "rejectedAt": null,
            "startDate": "2021-03-13",
            "type": "vacation",
            "userId": 2664
        },
        {
            "admitterId": null,
            "admitterNote": "",
            "confirmedAt": "2021-03-09T15:33:35.000+01:00",
            "createdAt": "2021-03-09T15:33:35.000+01:00",
            "crewId": 352,
            "endDate": "2021-03-10",
            "id": 3600,
            "memberNote": "",
            "rejectedAt": null,
            "startDate": "2021-03-10",
            "type": "vacation",
            "userId": 644
        },
        {
            "admitterId": null,
            "admitterNote": "",
            "confirmedAt": "2021-03-09T15:33:57.000+01:00",
            "createdAt": "2021-03-09T15:33:57.000+01:00",
            "crewId": 352,
            "endDate": "2021-03-10",
            "id": 3601,
            "memberNote": "",
            "rejectedAt": null,
            "startDate": "2021-03-10",
            "type": "vacation",
            "userId": 644
        },
        {
            "admitterId": 709,
            "admitterNote": "",
            "confirmedAt": "2021-03-09T15:34:57.000+01:00",
            "createdAt": "2021-03-09T15:34:57.000+01:00",
            "crewId": 352,
            "endDate": "2021-03-13",
            "id": 3604,
            "memberNote": "",
            "rejectedAt": null,
            "startDate": "2021-03-13",
            "type": "vacation",
            "userId": 644
        },
        {
            "admitterId": 709,
            "admitterNote": "",
            "confirmedAt": "2021-03-09T15:35:17.000+01:00",
            "createdAt": "2021-03-09T15:35:17.000+01:00",
            "crewId": 352,
            "endDate": "2021-03-15",
            "id": 3605,
            "memberNote": "",
            "rejectedAt": null,
            "startDate": "2021-03-14",
            "type": "sickness",
            "userId": 644
        },
        {
            "admitterId": null,
            "admitterNote": "",
            "confirmedAt": "2021-03-09T15:35:58.000+01:00",
            "createdAt": "2021-03-09T15:35:58.000+01:00",
            "crewId": 352,
            "endDate": "2021-03-18",
            "id": 3606,
            "memberNote": "",
            "rejectedAt": null,
            "startDate": "2021-03-16",
            "type": "vacation",
            "userId": 644
        },
        {
            "admitterId": null,
            "admitterNote": "",
            "confirmedAt": "2021-03-09T19:16:51.000+01:00",
            "createdAt": "2021-03-09T19:16:51.000+01:00",
            "crewId": 352,
            "endDate": "2021-03-13",
            "id": 3618,
            "memberNote": "Test",
            "rejectedAt": null,
            "startDate": "2021-03-13",
            "type": "vacation",
            "userId": 644
        }
    ]
}