{
    "message": "Success",
    "page": 3,
    "limit": 10,
    "total_pages": 4,
    "payload": [
        {
            "admitterId": null,
            "admitterNote": "",
            "confirmedAt": "2021-03-14T15:34:59.000+01:00",
            "createdAt": "2021-03-10T09:19:42.000+01:00",
            "crewId": 352,
            "endDate": "2021-06-16",
            "id": 3629,
            "memberNote": "",
            "rejectedAt": null,
            "startDate": "2021-06-14",
            "type": "vacation",
            "userId": 2664
        },
        {
            "admitterId": null,
            "admitterNote": "Works nicely!",
            "confirmedAt": "2021-03-10T19:37:38.000+01:00",
            "createdAt": "2021-03-10T19:37:23.000+01:00",
            "crewId": 352,
            "endDate": "2021-03-11",
            "id": 3656,
            "memberNote": "",
            "rejectedAt": null,
            "startDate": "2021-03-11",
            "type": "vacation",
            "userId": 644
        },
        {
            "admitterId": null,
            "admitterNote": "Viel Spaß!",
            "confirmedAt": "2021-03-14T17:00:59.000+01:00",
            "createdAt": "2021-03-14T09:32:42.000+01:00",
            "crewId": 352,
            "endDate": "2021-03-13",
            "id": 3690,
            "memberNote": "",
            "rejectedAt": null,
            "startDate": "2021-03-13",
            "type": "sickness",
            "userId": 2796
        },
        {
            "admitterId": 709,
            "admitterNote": "",
            "confirmedAt": "2021-03-21T18:29:49.000+01:00",
            "createdAt": "2021-03-15T14:54:31.000+01:00",
            "crewId": 352,
            "endDate": "2021-04-22",
            "id": 3748,
            "memberNote": "Barcamp Salzburg",
            "rejectedAt": null,
            "startDate": "2021-04-21",
            "type": "vacation",
            "userId": 649
        },
        {
            "admitterId": null,
            "admitterNote": "",
            "confirmedAt": "2021-03-15T16:36:34.000+01:00",
            "createdAt": "2021-03-15T16:36:34.000+01:00",
            "crewId": 352,
            "endDate": "2021-01-02",
            "id": 3752,
            "memberNote": "",
            "rejectedAt": null,
            "startDate": "2020-12-31",
            "type": "vacation",
            "userId": 644
        },
        {
            "admitterId": null,
            "admitterNote": "",
            "confirmedAt": "2021-03-21T09:20:57.000+01:00",
            "createdAt": "2021-03-20T22:18:53.000+01:00",
            "crewId": 352,
            "endDate": "2021-09-11",
            "id": 3884,
            "memberNote": "Sommerurlaub",
            "rejectedAt": null,
            "startDate": "2021-08-24",
            "type": "vacation",
            "userId": 2664
        },
        {
            "admitterId": null,
            "admitterNote": "",
            "confirmedAt": null,
            "createdAt": "2021-03-26T23:52:11.000+02:00",
            "crewId": 352,
            "endDate": "2021-03-27",
            "id": 4101,
            "memberNote": "",
            "rejectedAt": "2021-03-27T08:18:32.000+02:00",
            "startDate": "2021-03-27",
            "type": "vacation",
            "userId": 5293
        },
        {
            "admitterId": 709,
            "admitterNote": "1",
            "confirmedAt": "2021-04-08T16:14:23.000+02:00",
            "createdAt": "2021-04-07T16:45:28.000+02:00",
            "crewId": 352,
            "endDate": "2021-04-11",
            "id": 4462,
            "memberNote": "",
            "rejectedAt": null,
            "startDate": "2021-04-11",
            "type": "sickness",
            "userId": 2664
        },
        {
            "admitterId": null,
            "admitterNote": "1",
            "confirmedAt": "2021-04-08T21:16:26.000+02:00",
            "createdAt": "2021-04-08T20:12:29.000+02:00",
            "crewId": 352,
            "endDate": "2021-04-12",
            "id": 4470,
            "memberNote": "",
            "rejectedAt": null,
            "startDate": "2021-04-12",
            "type": "vacation",
            "userId": 5293
        },
        {
            "admitterId": null,
            "admitterNote": "",
            "confirmedAt": "2021-04-11T08:24:06.000+02:00",
            "createdAt": "2021-04-09T21:17:12.000+02:00",
            "crewId": 352,
            "endDate": "2021-04-26",
            "id": 4471,
            "memberNote": "bitte den urlaub in der vorwoche  17-21 zurückziehen. merci :)",
            "rejectedAt": null,
            "startDate": "2021-04-24",
            "type": "vacation",
            "userId": 2796
        }
    ]
}