{
    "message": "Success",
    "page": 1,
    "limit": 10,
    "total_pages": 4,
    "payload": [
        {
            "admitterId": null,
            "admitterNote": "",
            "confirmedAt": "2020-12-12T18:03:55.000+01:00",
            "createdAt": "2020-12-12T14:17:01.000+01:00",
            "crewId": 352,
            "endDate": "2021-01-13",
            "id": 2351,
            "memberNote": "",
            "rejectedAt": null,
            "startDate": "2021-01-13",
            "type": "sickness",
            "userId": 2664
        },
        {
            "admitterId": null,
            "admitterNote": "Sorry",
            "confirmedAt": null,
            "createdAt": "2021-01-03T17:36:52.000+01:00",
            "crewId": 352,
            "endDate": "2021-01-05",
            "id": 2521,
            "memberNote": "ganzer tag",
            "rejectedAt": "2021-01-03T17:39:50.000+01:00",
            "startDate": "2021-01-05",
            "type": "vacation",
            "userId": 2664
        },
        {
            "admitterId": null,
            "admitterNote": "",
            "confirmedAt": "2021-01-09T18:43:29.000+01:00",
            "createdAt": "2021-01-09T17:45:47.000+01:00",
            "crewId": 352,
            "endDate": "2021-01-11",
            "id": 2634,
            "memberNote": "Nachmittag 0,5 Tage. Danke.",
            "rejectedAt": null,
            "startDate": "2021-01-11",
            "type": "vacation",
            "userId": 649
        },
        {
            "admitterId": null,
            "admitterNote": "",
            "confirmedAt": null,
            "createdAt": "2021-01-25T10:04:51.000+01:00",
            "crewId": 352,
            "endDate": "2021-02-06",
            "id": 2904,
            "memberNote": "",
            "rejectedAt": "2021-01-25T10:14:44.000+01:00",
            "startDate": "2021-02-02",
            "type": "vacation",
            "userId": 5293
        },
        {
            "admitterId": null,
            "admitterNote": "",
            "confirmedAt": "2021-01-27T17:35:03.000+01:00",
            "createdAt": "2021-01-25T11:06:19.000+01:00",
            "crewId": 352,
            "endDate": "2021-03-11",
            "id": 2909,
            "memberNote": "Urlaub",
            "rejectedAt": null,
            "startDate": "2021-02-23",
            "type": "vacation",
            "userId": 5192
        },
        {
            "admitterId": null,
            "admitterNote": "",
            "confirmedAt": "2021-01-27T17:34:25.000+01:00",
            "createdAt": "2021-01-27T15:52:59.000+01:00",
            "crewId": 352,
            "endDate": "2021-02-03",
            "id": 2942,
            "memberNote": "",
            "rejectedAt": null,
            "startDate": "2021-02-03",
            "type": "vacation",
            "userId": 2664
        },
        {
            "admitterId": null,
            "admitterNote": "",
            "confirmedAt": "2021-01-27T17:34:31.000+01:00",
            "createdAt": "2021-01-27T15:53:23.000+01:00",
            "crewId": 352,
            "endDate": "2021-03-03",
            "id": 2943,
            "memberNote": "",
            "rejectedAt": null,
            "startDate": "2021-03-03",
            "type": "vacation",
            "userId": 2664
        },
        {
            "admitterId": null,
            "admitterNote": "",
            "confirmedAt": "2021-03-05T09:31:55.000+01:00",
            "createdAt": "2021-01-30T10:24:36.000+01:00",
            "crewId": 352,
            "endDate": "2021-04-07",
            "id": 2955,
            "memberNote": "Uni: Blockpraktikum",
            "rejectedAt": null,
            "startDate": "2021-03-27",
            "type": "vacation",
            "userId": 2735
        },
        {
            "admitterId": null,
            "admitterNote": "",
            "confirmedAt": "2021-02-14T12:02:07.000+01:00",
            "createdAt": "2021-02-14T11:32:56.000+01:00",
            "crewId": 352,
            "endDate": "2021-02-16",
            "id": 3229,
            "memberNote": "",
            "rejectedAt": null,
            "startDate": "2021-02-16",
            "type": "vacation",
            "userId": 2664
        },
        {
            "admitterId": null,
            "admitterNote": "Leider sind Wolfram und Phillip schon im Urlaub. Geh lieber mal im März",
            "confirmedAt": null,
            "createdAt": "2021-02-14T15:41:26.000+01:00",
            "crewId": 352,
            "endDate": "2021-02-25",
            "id": 3235,
            "memberNote": "Skiurlaub",
            "rejectedAt": "2021-02-14T15:43:06.000+01:00",
            "startDate": "2021-02-20",
            "type": "sickness",
            "userId": 644
        }
    ]
}