{
    "message": "Success",
    "page": 4,
    "limit": 10,
    "total_pages": 4,
    "payload": [
        {
            "admitterId": null,
            "admitterNote": "",
            "confirmedAt": "2021-04-19T14:35:11.000+02:00",
            "createdAt": "2021-04-19T11:20:48.000+02:00",
            "crewId": 352,
            "endDate": "2021-07-28",
            "id": 4626,
            "memberNote": "",
            "rejectedAt": null,
            "startDate": "2021-07-10",
            "type": "vacation",
            "userId": 8447
        },
        {
            "admitterId": null,
            "admitterNote": "Schönes langes WE!",
            "confirmedAt": "2021-04-26T15:12:11.000+02:00",
            "createdAt": "2021-04-26T09:55:40.000+02:00",
            "crewId": 352,
            "endDate": "2021-04-28",
            "id": 4753,
            "memberNote": "",
            "rejectedAt": null,
            "startDate": "2021-04-28",
            "type": "vacation",
            "userId": 649
        },
        {
            "admitterId": 709,
            "admitterNote": "",
            "confirmedAt": null,
            "createdAt": "2021-05-12T09:27:30.000+02:00",
            "crewId": 352,
            "endDate": "2021-06-26",
            "id": 5291,
            "memberNote": "",
            "rejectedAt": null,
            "startDate": "2021-06-26",
            "type": "sickness",
            "userId": 8007
        },
        {
            "admitterId": null,
            "admitterNote": "",
            "confirmedAt": "2021-05-12T10:18:50.000+02:00",
            "createdAt": "2021-05-12T09:43:25.000+02:00",
            "crewId": 352,
            "endDate": "2021-06-23",
            "id": 5293,
            "memberNote": "",
            "rejectedAt": null,
            "startDate": "2021-06-19",
            "type": "vacation",
            "userId": 2796
        },
        {
            "admitterId": 709,
            "admitterNote": "",
            "confirmedAt": "2021-05-16T10:50:30.000+02:00",
            "createdAt": "2021-05-16T10:50:30.000+02:00",
            "crewId": 352,
            "endDate": "2021-05-18",
            "id": 5409,
            "memberNote": "",
            "rejectedAt": null,
            "startDate": "2021-05-18",
            "type": "vacation",
            "userId": 2796
        },
        {
            "admitterId": null,
            "admitterNote": "",
            "confirmedAt": "2021-05-22T08:50:28.000+02:00",
            "createdAt": "2021-05-21T17:24:42.000+02:00",
            "crewId": 352,
            "endDate": "2021-05-24",
            "id": 5555,
            "memberNote": "",
            "rejectedAt": null,
            "startDate": "2021-05-24",
            "type": "vacation",
            "userId": 5293
        },
        {
            "admitterId": null,
            "admitterNote": "",
            "confirmedAt": "2021-05-26T16:52:41.000+02:00",
            "createdAt": "2021-05-26T16:05:37.000+02:00",
            "crewId": 352,
            "endDate": "2021-05-30",
            "id": 5740,
            "memberNote": "",
            "rejectedAt": null,
            "startDate": "2021-05-30",
            "type": "vacation",
            "userId": 2796
        },
        {
            "admitterId": null,
            "admitterNote": "",
            "confirmedAt": null,
            "createdAt": "2021-05-29T08:42:59.000+02:00",
            "crewId": 352,
            "endDate": "2021-06-30",
            "id": 5769,
            "memberNote": "",
            "rejectedAt": null,
            "startDate": "2021-06-26",
            "type": "vacation",
            "userId": 2664
        },
        {
            "admitterId": 709,
            "admitterNote": "",
            "confirmedAt": "2021-05-31T08:55:37.000+02:00",
            "createdAt": "2021-05-30T16:33:57.000+02:00",
            "crewId": 352,
            "endDate": "2021-08-20",
            "id": 5879,
            "memberNote": "",
            "rejectedAt": null,
            "startDate": "2021-08-05",
            "type": "sickness",
            "userId": 8007
        },
        {
            "admitterId": null,
            "admitterNote": "",
            "confirmedAt": "2021-06-13T07:51:28.000+02:00",
            "createdAt": "2021-06-12T15:21:08.000+02:00",
            "crewId": 352,
            "endDate": "2021-06-27",
            "id": 6310,
            "memberNote": "",
            "rejectedAt": null,
            "startDate": "2021-06-26",
            "type": "vacation",
            "userId": 5293
        },
        {
            "admitterId": null,
            "admitterNote": "",
            "confirmedAt": null,
            "createdAt": "2021-06-12T15:21:16.000+02:00",
            "crewId": 352,
            "endDate": "2021-06-29",
            "id": 6311,
            "memberNote": "",
            "rejectedAt": null,
            "startDate": "2021-06-29",
            "type": "vacation",
            "userId": 5293
        },
        {
            "admitterId": null,
            "admitterNote": "",
            "confirmedAt": null,
            "createdAt": "2021-06-30T02:13:56.000+02:00",
            "crewId": 352,
            "endDate": "2021-08-12",
            "id": 6886,
            "memberNote": "Pfadfindersommerlager",
            "rejectedAt": null,
            "startDate": "2021-08-05",
            "type": "vacation",
            "userId": 2735
        }
    ]
}